	  <Policy Id="SBC072" ReadOnly="False" Rank="2" Risk="0" Platform="All" Processed="False" Runson="All" Purpose="Compliance">
        <PolicyKey>HKEY_CURRENT_USER\SOFTWARE\Policies\Microsoft\Windows\CloudContent\ConfigureWindowsSpotlight</PolicyKey>
        <PolicyName>Configure Windows spotlight on lock screen</PolicyName>
        <PolicyType>LGPRegistry</PolicyType>
        <CompareMethod>-eq</CompareMethod>
        <DataType>REG_DWORD</DataType>
        <DefaultValue Value="2" />
        <CurrentValue Value="" />
        <ValueDescription Suffix="">
          <Enum Value="Enabled" Key="1" KeyType="Number" />
          <Enum Value="Disabled" Key="2" KeyType="Number" />
        </ValueDescription>
        <TestResult />
        <Comments />
        <Compliance Body="CIS" Value="2" ID="N/A" />
      </Policy>
	  
	  <Policy Id="MISC121" ReadOnly="False" Rank="1" Risk="1" Platform="All" Processed="False" Runson="FULL,CORE" Purpose="Compliance">
        <PolicyKey>HKEY_LOCAL_MACHINE\Software\Policies\Microsoft\Windows\WindowsUpdate\ManagePreviewBuilds</PolicyKey>
        <PolicyName>Manage preview builds</PolicyName>
        <PolicyType>LGPRegistry</PolicyType>
        <CompareMethod>-eq</CompareMethod>
        <DataType>REG_DWORD</DataType>
        <DefaultValue Value="1" />
        <CurrentValue Value="" />
        <ValueDescription Suffix="">
          <Enum Value="Enabled" Key="1" KeyType="Number" />
          <Enum Value="Disabled" Key="0" KeyType="Number" />
        </ValueDescription>
        <TestResult />
        <Comments />
        <Compliance Body="CIS" Value="1" ID="" />
      </Policy>
	  
	  <Policy Id="MISC122" ReadOnly="False" Rank="1" Risk="1" Platform="All" Processed="False" Runson="FULL,CORE" Purpose="Compliance">
        <PolicyKey>HKEY_LOCAL_MACHINE\Software\Policies\Microsoft\Windows\WindowsUpdate\ManagePreviewBuildsPolicyValue</PolicyKey>
        <PolicyName>Behavior for receiving preview builds</PolicyName>
        <PolicyType>LGPRegistry</PolicyType>
        <CompareMethod>-eq</CompareMethod>
        <DataType>REG_DWORD</DataType>
        <DefaultValue Value="0" />
        <CurrentValue Value="" />
        <ValueDescription Suffix="">
		  <Enum Value="Disable preview builds" Key="0" KeyType="Number" />
          <Enum Value="Disable preview builds once next release is public" Key="1" KeyType="Number" />
		  <Enum Value="Enable preview builds" Key="2" KeyType="Number" />
        </ValueDescription>
        <TestResult />
        <Comments />
        <Compliance Body="CIS" Value="0" ID="" />
      </Policy>
	  
      <Policy Id="SBC073" ReadOnly="False" Rank="3" Risk="3" Platform="All" Processed="False" Runson="FULL,CORE" Purpose="Compliance">
        <PolicyKey>HKEY_LOCAL_MACHINE\SOFTWARE\Policies\Microsoft\Windows Defender Security Center\App and Browser protection\DisallowExploitProtectionOverride</PolicyKey>
        <PolicyName>Windows Defender - Prevent users from modifying settings</PolicyName>
        <PolicyType>LGPRegistry</PolicyType>
        <CompareMethod>-eq</CompareMethod>
        <DataType>REG_DWORD</DataType>
        <DefaultValue Value="1" />
        <CurrentValue Value="" />
        <ValueDescription Suffix="">
          <Enum Value="Enabled" Key="1" KeyType="Number" />
          <Enum Value="Disabled" Key="0" KeyType="Number" />
        </ValueDescription>
        <TestResult />
        <Comments />
        <Compliance Body="CIS" Value="1" ID="" />
      </Policy>	  
	  
	  <Policy Id="SBC074" ReadOnly="False" Rank="3" Risk="3" Platform="All" Processed="False" Runson="FULL,CORE" Purpose="Compliance">
        <PolicyKey>HKEY_LOCAL_MACHINE\Software\Policies\Microsoft\Windows\System\EnableSmartScreen</PolicyKey>
        <PolicyName>Configure Windows Defender SmartScreen</PolicyName>
        <PolicyType>LGPRegistry</PolicyType>
        <CompareMethod>-eq</CompareMethod>
        <DataType>REG_DWORD</DataType>
        <DefaultValue Value="1" />
        <CurrentValue Value="" />
        <ValueDescription Suffix="">
          <Enum Value="Enabled" Key="1" KeyType="Number" />
          <Enum Value="Disabled" Key="0" KeyType="Number" />
        </ValueDescription>
        <TestResult />
        <Comments />
        <Compliance Body="CIS" Value="1" ID="" />
      </Policy>	  
	  
	  <Policy Id="SBC075" ReadOnly="False" Rank="3" Risk="3" Platform="All" Processed="False" Runson="FULL,CORE" Purpose="Compliance">
        <PolicyKey>HKEY_LOCAL_MACHINE\Software\Policies\Microsoft\Windows\System\ShellSmartScreenLevel</PolicyKey>
        <PolicyName>Value for Configure Windows Defender SmartScreen</PolicyName>
        <PolicyType>LGPRegistry</PolicyType>
        <CompareMethod>-eq</CompareMethod>
        <DataType>REG_SZ</DataType>
        <DefaultValue Value="Block" />
        <CurrentValue Value="" />
        <ValueDescription Suffix="">
          <Enum Value="Warn and prevent bypass" Key="BLock" KeyType="Number" />
          <Enum Value="Warn" Key="Warn" KeyType="Number" />
        </ValueDescription>
        <TestResult />
        <Comments />
        <Compliance Body="CIS" Value="Block" ID="" />
      </Policy>
	  
      <Policy Id="SBC076" ReadOnly="False" Rank="3" Risk="3" Platform="All" Processed="False" Runson="FULL,CORE" Purpose="Compliance">
        <PolicyKey>HKEY_LOCAL_MACHINE\Software\Policies\Microsoft\Windows Defender\Windows Defender Exploit Guard\Network Protection\EnableNetworkProtection</PolicyKey>
        <PolicyName>Prevent users and apps from accessing dangerous websites</PolicyName>
        <PolicyType>LGPRegistry</PolicyType>
        <CompareMethod>-eq</CompareMethod>
        <DataType>REG_DWORD</DataType>
        <DefaultValue Value="1" />
        <CurrentValue Value="" />
        <ValueDescription Suffix="">
          <Enum Value="Enabled:Block" Key="1" KeyType="Number" />
          <Enum Value="Disabled" Key="0" KeyType="Number" />
		  <Enum Value="Enabled:Audit Mode" Key="2" KeyType="Number" />
        </ValueDescription>
        <TestResult />
        <Comments />
        <Compliance Body="CIS" Value="1" ID="" />
      </Policy>	  
	  
      <Policy Id="SBC077" ReadOnly="False" Rank="3" Risk="3" Platform="All" Processed="False" Runson="FULL,CORE" Purpose="Compliance">
        <PolicyKey>HKEY_LOCAL_MACHINE\Software\Policies\Microsoft\Windows Defender\Scan\DisableEmailScanning</PolicyKey>
        <PolicyName>Turn on e-mail scanning</PolicyName>
        <PolicyType>LGPRegistry</PolicyType>
        <CompareMethod>-eq</CompareMethod>
        <DataType>REG_DWORD</DataType>
        <DefaultValue Value="0" />
        <CurrentValue Value="" />
        <ValueDescription Suffix="">
          <Enum Value="Enabled" Key="0" KeyType="Number" />
          <Enum Value="Disabled" Key="1" KeyType="Number" />
		</ValueDescription>
        <TestResult />
        <Comments />
        <Compliance Body="CIS" Value="0" ID="" />
      </Policy>	  
	  
      <Policy Id="SBC078" ReadOnly="False" Rank="3" Risk="3" Platform="All" Processed="False" Runson="FULL,CORE" Purpose="Compliance">
        <PolicyKey>HKEY_LOCAL_MACHINE\Software\Policies\Microsoft\Windows Defender\Scan\DisableRemovableDriveScanning</PolicyKey>
        <PolicyName>Scan removable drives</PolicyName>
        <PolicyType>LGPRegistry</PolicyType>
        <CompareMethod>-eq</CompareMethod>
        <DataType>REG_DWORD</DataType>
        <DefaultValue Value="0" />
        <CurrentValue Value="" />
        <ValueDescription Suffix="">
          <Enum Value="Enabled" Key="0" KeyType="Number" />
          <Enum Value="Disabled" Key="1" KeyType="Number" />
		</ValueDescription>
        <TestResult />
        <Comments />
        <Compliance Body="CIS" Value="0" ID="" />
      </Policy>	  
	  
      <Policy Id="MISC123" ReadOnly="False" Rank="1" Risk="1" Platform="All" Processed="False" Runson="FULL,CORE" Purpose="Compliance">
        <PolicyKey>HKEY_LOCAL_MACHINE\Software\Policies\Microsoft\MicrosoftAccount\DisableUserAuth</PolicyKey>
        <PolicyName>Block all consumer Microsoft account user authentication</PolicyName>
        <PolicyType>LGPRegistry</PolicyType>
        <CompareMethod>-eq</CompareMethod>
        <DataType>REG_DWORD</DataType>
        <DefaultValue Value="1" />
        <CurrentValue Value="" />
        <ValueDescription Suffix="">
          <Enum Value="Enabled" Key="1" KeyType="Number" />
          <Enum Value="Disabled" Key="0" KeyType="Number" />
        </ValueDescription>
        <TestResult />
        <Comments />
        <Compliance Body="CIS" Value="1" ID="" />
      </Policy>
	  
	  
      <Policy Id="MISC124" ReadOnly="False" Rank="1" Risk="1" Platform="All" Processed="False" Runson="FULL,CORE" Purpose="Compliance">
        <PolicyKey>HKEY_LOCAL_MACHINE\Software\Policies\Microsoft\Power\PowerSettings\0e796bdb-100d-47d6-a2d5-f7d2daa51f51\ACSettingIndex</PolicyKey>
        <PolicyName>Require a password when a computer wakes : Plugged in</PolicyName>
        <PolicyType>LGPRegistry</PolicyType>
        <CompareMethod>-eq</CompareMethod>
        <DataType>REG_DWORD</DataType>
        <DefaultValue Value="1" />
        <CurrentValue Value="" />
        <ValueDescription Suffix="">
          <Enum Value="Enabled" Key="1" KeyType="Number" />
          <Enum Value="Disabled" Key="0" KeyType="Number" />
        </ValueDescription>
        <TestResult />
        <Comments />
        <Compliance Body="CIS" Value="1" ID="" />
      </Policy>
	  
      <Policy Id="MISC125" ReadOnly="False" Rank="1" Risk="1" Platform="All" Processed="False" Runson="FULL,CORE" Purpose="Compliance">
        <PolicyKey>HKEY_LOCAL_MACHINE\Software\Policies\Microsoft\Power\PowerSettings\0e796bdb-100d-47d6-a2d5-f7d2daa51f51\DCSettingIndex</PolicyKey>
        <PolicyName>Require a password when a computer wakes : On battery</PolicyName>
        <PolicyType>LGPRegistry</PolicyType>
        <CompareMethod>-eq</CompareMethod>
        <DataType>REG_DWORD</DataType>
        <DefaultValue Value="1" />
        <CurrentValue Value="" />
        <ValueDescription Suffix="">
          <Enum Value="Enabled" Key="1" KeyType="Number" />
          <Enum Value="Disabled" Key="0" KeyType="Number" />
        </ValueDescription>
        <TestResult />
        <Comments />
        <Compliance Body="CIS" Value="1" ID="" />
      </Policy>	 

      <Policy Id="MISC126" ReadOnly="False" Rank="1" Risk="1" Platform="All" Processed="False" Runson="FULL,CORE" Purpose="Compliance">
        <PolicyKey>HKEY_LOCAL_MACHINE\Software\Policies\Microsoft\Windows\System\BlockDomainPicturePassword</PolicyKey>
        <PolicyName>Turn off picture password sign-in</PolicyName>
        <PolicyType>LGPRegistry</PolicyType>
        <CompareMethod>-eq</CompareMethod>
        <DataType>REG_DWORD</DataType>
        <DefaultValue Value="1" />
        <CurrentValue Value="" />
        <ValueDescription Suffix="">
          <Enum Value="Enabled" Key="1" KeyType="Number" />
          <Enum Value="Disabled" Key="0" KeyType="Number" />
        </ValueDescription>
        <TestResult />
        <Comments />
        <Compliance Body="CIS" Value="1" ID="" />
      </Policy>		  
<!-- Pre existing settings just need to change the value from No Auditing to Failure -->
	  <Policy Id="AAP043" ReadOnly="False" Rank="3" Risk="2" Platform="All" Processed="False" Runson="All" Purpose="Compliance">
        <PolicyKey>Other Policy Change Events</PolicyKey>
        <PolicyName>Audit : Policy Change : Other Policy Change Events</PolicyName>
        <PolicyType>AdvancedAuditPol</PolicyType>
        <CompareMethod>-eq</CompareMethod>
        <DataType>String</DataType>
        <DefaultValue Value="Failure" />
        <CurrentValue Value="" />
        <ValueDescription Suffix="" />
        <TestResult />
        <Comments />
        <Compliance Body="CIS" Value="Failure" ID="N/A" />
      </Policy>	  
      <Policy Id="AAP056" ReadOnly="False" Rank="3" Risk="2" Platform="All" Processed="False" Runson="All" Purpose="Compliance">
        <PolicyKey>Detailed File Share</PolicyKey>
        <PolicyName>Audit : Object Access : Detailed File Share</PolicyName>
        <PolicyType>AdvancedAuditPol</PolicyType>
        <CompareMethod>-eq</CompareMethod>
        <DataType>String</DataType>
        <DefaultValue Value="Failure" />
        <CurrentValue Value="" />
        <ValueDescription Suffix="" />
        <TestResult />
        <Comments />
        <Compliance Body="CIS" Value="Failure" ID="N/A" />
      </Policy>
      <Policy Id="AAP035" ReadOnly="False" Rank="3" Risk="2" Platform="All" Processed="False" Runson="All" Purpose="Compliance">
        <PolicyKey>File Share</PolicyKey>
        <PolicyName>Audit : Object Access : File Share</PolicyName>
        <PolicyType>AdvancedAuditPol</PolicyType>
        <CompareMethod>-eq</CompareMethod>
        <DataType>String</DataType>
        <DefaultValue Value="Failure" />
        <CurrentValue Value="" />
        <ValueDescription Suffix="" />
        <TestResult />
        <Comments />
        <Compliance Body="CIS" Value="Failure" ID="N/A" />
      </Policy>     

      <Policy Id="AAP041" ReadOnly="False" Rank="3" Risk="2" Platform="All" Processed="False" Runson="All" Purpose="Compliance">
        <PolicyKey>MPSSVC Rule-Level Policy Change</PolicyKey>
        <PolicyName>Audit : Policy Change : MPSSVC Rule-Level Policy Change</PolicyName>
        <PolicyType>AdvancedAuditPol</PolicyType>
        <CompareMethod>-eq</CompareMethod>
        <DataType>String</DataType>
        <DefaultValue Value="Success and Failure" />
        <CurrentValue Value="" />
        <ValueDescription Suffix="" />
        <TestResult />
        <Comments />
        <Compliance Body="CIS" Value="Success and Failure" ID="N/A" />
      </Policy>
	  
<!-- 6-Feb-2020: Start adding these policies to Include new CIS Recommendation -->	  
<!-- 6-Feb-2020: End adding these policies to Include new CIS Recommendation -->

<!-- 6-Feb-2020: Updating this policy to comply with new CIS recommendation -->