<?xml version="1.0"?>
<!-- CoRECM Baseline Inventory configuration file - node structure -->
<!-- This is a sample user account inventory collection xml file to be used with CoRECM -->


<WCInventory version="1.0" UINodeName="Inventory">
<!--This section will define the node structure for Identifier Type -->
<!-- PropertyDisplayOrder attribute is added to specify the order of object properties in which they will be
     displayed in GUI report. If they're not specified, properties will be displayed in alphabetical order
     Note: If Property name in displayorder list contain spaces, they will be removed by reporting script!
     These spaces cause such columns to disappear from the report.
-->
    <Section Name="Account Inventory">
        <Category Name="Local Accounts">
            <InventoryItem Id="LA001" Name="All Users" Platform="All" Processed="False">
				<InventoryCommand>(Get-WCLocalUserAccount )</InventoryCommand>
				<InventoryType>psExpression</InventoryType>
				<DataType>psObject</DataType>
				<InventoryValues Name="" Value="" PropertyDisplayOrder="UserName, PasswordAge, LastLogin, PasswordLastChanged, PasswordExpiryDate, InactiveDays, AccountLocked, AccountDisabled, CantChangePassword, PassNeverExpires, PasswordExpired, UserSid"></InventoryValues>
			</InventoryItem>
            <InventoryItem Id="LA002" Name="User Group Membership" Platform="All" Processed="False">
				<InventoryCommand>(Get-WCLocalUserAccount )</InventoryCommand>
				<InventoryType>psExpression</InventoryType>
				<DataType>psObject</DataType>
				<InventoryValues Name="" Value="" PropertyDisplayOrder="UserName, MemberOf"></InventoryValues>
			</InventoryItem>
            <InventoryItem Id="LA003" Name="Locked Accounts" Platform="All" Processed="False">
				<InventoryCommand>(Get-WCLocalUserAccount  | where-object {$_.AccountLocked -eq 'True'})</InventoryCommand>
				<InventoryType>psExpression</InventoryType>
				<DataType>psObject</DataType>
				<InventoryValues Name="" Value="" PropertyDisplayOrder="UserName, PasswordAge, LastLogin, PasswordLastChanged, PasswordExpiryDate, InactiveDays, AccountLocked, AccountDisabled, CantChangePassword, PassNeverExpires, PasswordExpired, UserSid"></InventoryValues>
			</InventoryItem>
            <InventoryItem Id="LA004" Name="Disabled Accounts" Platform="All" Processed="False">
				<InventoryCommand>(Get-WCLocalUserAccount  | where-object {$_.AccountDisabled -eq 'True'})</InventoryCommand>
				<InventoryType>psExpression</InventoryType>
				<DataType>psObject</DataType>
				<InventoryValues Name="" Value="" PropertyDisplayOrder="UserName, PasswordAge, LastLogin, PasswordLastChanged, PasswordExpiryDate, InactiveDays, AccountLocked, AccountDisabled, CantChangePassword, PassNeverExpires, PasswordExpired, UserSid"></InventoryValues>
			</InventoryItem>
            <InventoryItem Id="LA005" Name="PasswordAge 90 days or more" Platform="All" Processed="False">
				<InventoryCommand>(Get-WCLocalUserAccount | where-object { $_.PasswordAge -ne 'N/A' } | where-object { $_.PasswordAge -ge 90 })</InventoryCommand>
				<InventoryType>psExpression</InventoryType>
				<DataType>psObject</DataType>
				<InventoryValues Name="" Value="" PropertyDisplayOrder="UserName, PasswordAge, LastLogin, PasswordLastChanged, PasswordExpiryDate, InactiveDays, AccountLocked, AccountDisabled, CantChangePassword, PassNeverExpires, PasswordExpired, UserSid"></InventoryValues>
			</InventoryItem>
            <InventoryItem Id="LA006" Name="Inactive 90 days or more" Platform="All" Processed="False">
				<InventoryCommand>(Get-WCLocalUserAccount | where-object { $_.InactiveDays -ne 'N/A' } | where-object {$_.InactiveDays -ge 90 })</InventoryCommand>
				<InventoryType>psExpression</InventoryType>
				<DataType>psObject</DataType>
				<InventoryValues Name="" Value="" PropertyDisplayOrder="UserName, PasswordAge, LastLogin, PasswordLastChanged, PasswordExpiryDate, InactiveDays, AccountLocked, AccountDisabled, CantChangePassword, PassNeverExpires, PasswordExpired, UserSid"></InventoryValues>
			</InventoryItem>
            <InventoryItem Id="LA007" Name="Password Never Expires" Platform="All" Processed="False">
				<InventoryCommand>(Get-WCLocalUserAccount  | where-object {$_.PassNeverExpires-eq 'True'})</InventoryCommand>
				<InventoryType>psExpression</InventoryType>
				<DataType>psObject</DataType>
				<InventoryValues Name="" Value="" PropertyDisplayOrder="UserName, PasswordAge, LastLogin, PasswordLastChanged, PasswordExpiryDate, InactiveDays, AccountLocked, AccountDisabled, CantChangePassword, PassNeverExpires, PasswordExpired, UserSid"></InventoryValues>
			</InventoryItem>
        </Category>
        <Category Name="Local Groups">
            <InventoryItem Id="LG001" Name="All Groups" Platform="All" Processed="False">
				<InventoryCommand>(Get-WCLocalGroup  | sort-object Members -desc)</InventoryCommand>
				<InventoryType>psExpression</InventoryType>
				<DataType>psObject</DataType>
				<InventoryValues Name="" Value="" PropertyDisplayOrder="GroupName, Members"></InventoryValues>
			</InventoryItem>
            <InventoryItem Id="LG002" Name="Local Admins" Platform="All" Processed="False">
				<InventoryCommand>(Get-WCLocalGroup -GroupName 'Administrators' )</InventoryCommand>
				<InventoryType>psExpression</InventoryType>
				<DataType>psObject</DataType>
				<InventoryValues Name="" Value="" PropertyDisplayOrder="GroupName, Members"></InventoryValues>
			</InventoryItem>
        </Category>
        <Category Name="Domain Users">
            <InventoryItem Id="DA001" Name="Locked Domain Accounts" Platform="All" Processed="False">
				<InventoryCommand>(Search-ADAccount -LockedOut -UsersOnly | select-object SamAccountName, Name, Enabled, LockedOut, LastLogonDate, PasswordExpired, PasswordNeverExpires, UserPrincipalName, SID, DistinguishedName)</InventoryCommand>
				<InventoryType>psExpression</InventoryType>
				<DataType>psObject</DataType>
				<InventoryValues Name="" Value="" PropertyDisplayOrder="SamAccountName, Name, Enabled, LockedOut, LastLogonDate, PasswordExpired, PasswordNeverExpires, UserPrincipalName, SID, DistinguishedName"></InventoryValues>
			</InventoryItem>
            <InventoryItem Id="DA002" Name="Disabled Domain Accounts" Platform="All" Processed="False">
				<InventoryCommand>(Search-ADAccount -AccountDisabled -UsersOnly | select-object SamAccountName, Name, Enabled, LockedOut, LastLogonDate, PasswordExpired, PasswordNeverExpires, UserPrincipalName, SID, DistinguishedName)</InventoryCommand>
				<InventoryType>psExpression</InventoryType>
				<DataType>psObject</DataType>
				<InventoryValues Name="" Value="" PropertyDisplayOrder="SamAccountName, Name, Enabled, LockedOut, LastLogonDate, PasswordExpired, PasswordNeverExpires, UserPrincipalName, SID, DistinguishedName"></InventoryValues>
			</InventoryItem>
            
            
            <InventoryItem Id="DA005" Name="Inactive 90 days or more - Domain Account" Platform="All" Processed="False">
				<InventoryCommand>(Search-AdAccount -AccountInactive -Timespan 90.00:00:00 -UsersOnly | select-object SamAccountName, Name, Enabled, LockedOut, LastLogonDate, PasswordExpired, PasswordNeverExpires, UserPrincipalName, SID, DistinguishedName)</InventoryCommand>
				<InventoryType>psExpression</InventoryType>
				<DataType>psObject</DataType>
				<InventoryValues Name="" Value="" PropertyDisplayOrder="SamAccountName, Name, Enabled, LockedOut, LastLogonDate, PasswordExpired, PasswordNeverExpires, UserPrincipalName, SID, DistinguishedName"></InventoryValues>
			</InventoryItem>
            <InventoryItem Id="DA006" Name="Password Never Expires - Domain Account" Platform="All" Processed="False">
				<InventoryCommand>(Search-ADAccount -PasswordNeverExpires -UsersOnly | select-object SamAccountName, Name, Enabled, LockedOut, LastLogonDate, PasswordExpired, PasswordNeverExpires, UserPrincipalName, SID, DistinguishedName)</InventoryCommand>
				<InventoryType>psExpression</InventoryType>
				<DataType>psObject</DataType>
				<InventoryValues Name="" Value="" PropertyDisplayOrder="SamAccountName, Name, Enabled, LockedOut, LastLogonDate, PasswordExpired, PasswordNeverExpires, UserPrincipalName, SID, DistinguishedName"></InventoryValues>
			</InventoryItem>
        </Category>
    </Section>
	
</WCInventory>