<?xml version="1.0"?>
<!-- CoRECM Baseline Inventory configuration file - node structure -->

<WCInventory version="1.0" UINodeName="Inventory">
<!--This section will define the node structure for Identifier Type -->
<!-- PropertyDisplayOrder attribute is added to specify the order of object properties in which they will be
     displayed in GUI report. If they're not specified, properties will be displayed in alphabetical order
     Note: If Property name in displayorder list contain spaces, they will be removed by reporting script!
     These spaces cause such columns to disappear from the report.
-->
	<Section Name="Server Inventory">
		<Category Name="OS Inventory">
			<InventoryItem ID="OI001" Name="Operating System" Platform="All" Processed="False">
				<InventoryCommand>((Get-WmiObject win32_operatingSystem).properties | select-object Name, Value)</InventoryCommand>
				<InventoryType>psExpression</InventoryType>
				<DataType>psObject</DataType>
				<InventoryValues Name="" Value="" PropertyDisplayOrder=""></InventoryValues>
			</InventoryItem>
			<InventoryItem ID="OI002" Name="Server Roles" Platform="All" Processed="False">
				<InventoryCommand>(Get-WindowsFeature | Where-Object { $_.Installed -match "True" } | select-object Name, DisplayName, InstallState, FeatureType, Parent, Path, DependsOn, BestPracticesModelId)</InventoryCommand>
				<InventoryType>psExpression</InventoryType>
				<DataType>psObject</DataType>
				<InventoryValues Name="" Value="" PropertyDisplayOrder="Name,DisplayName,InstallState,FeatureType,Parent,Path,DependsOn,BestPracticesModelId"></InventoryValues>
			</InventoryItem>
            <InventoryItem Id="OI003" Name="HotFixes Installed" Platform="All" Processed="False">
				<InventoryCommand>Get-HotFix | Select-Object HotFixID, InstalledOn, InstalledBy, Caption</InventoryCommand>
				<InventoryType>psExpression</InventoryType>
				<DataType>psObject</DataType>
				<InventoryValues Name="" Value="" PropertyDisplayOrder="HotFixID,InstalledOn,InstalledBy,Caption"></InventoryValues>
			</InventoryItem>
            <InventoryItem Id="OI004" Name="Service Status" Platform="All" Processed="False">
				<InventoryCommand>(Get-WMIObject Win32_Service | Select-Object Name,State,StartMode,PathName)</InventoryCommand>
				<InventoryType>psExpression</InventoryType>
				<DataType>psObject</DataType>
				<InventoryValues Name="" Value="" PropertyDisplayOrder="Name,State,StartMode,PathName"></InventoryValues>
			</InventoryItem>
            <InventoryItem Id="OI005" Name="Open-Active Ports" Platform="All" Processed="False">
				<InventoryCommand>(Get-NetTCPConnection | select-object LocalAddress, LocalPort, RemoteAddress, RemotePort, State, AppliedSetting)</InventoryCommand>
				<InventoryType>psExpression</InventoryType>
				<DataType>psObject</DataType>
				<InventoryValues Name="" Value="" PropertyDisplayOrder="LocalAddress, LocalPort, RemoteAddress, RemotePort, State, AppliedSetting"></InventoryValues>
			</InventoryItem>
		</Category>
		<Category Name="Installed Software">
			<InventoryItem Id="IS001" Name="Software (64-bit)" Platform="All" Processed="False">
				<InventoryCommand>("Microsoft" | ForEach-Object { Get-ItemProperty HKLM:\Software\$_\Windows\CurrentVersion\Uninstall\* | Select-Object DisplayName, DisplayVersion, Publisher, InstallDate | Where-Object { $_.DisplayName.Length -gt 0 } })</InventoryCommand>
				<InventoryType>psExpression</InventoryType>
				<DataType>psObject</DataType>
				<InventoryValues Name="" Value="" PropertyDisplayOrder="DisplayName, DisplayVersion, Publisher, InstallDate"></InventoryValues>
			</InventoryItem>
			<InventoryItem Id="IS002" Name="Software (32-Bit)" Platform="All" Processed="False">
				<InventoryCommand>("wow6432Node\Microsoft" | ForEach-Object { Get-ItemProperty HKLM:\Software\$_\Windows\CurrentVersion\Uninstall\* | Select-Object DisplayName, DisplayVersion, Publisher, InstallDate | Where-Object { $_.DisplayName.Length -gt 0 } })</InventoryCommand>
				<InventoryType>psExpression</InventoryType>
				<DataType>psObject</DataType>
				<InventoryValues Name="" Value="" PropertyDisplayOrder="DisplayName, DisplayVersion, Publisher, InstallDate"></InventoryValues>
			</InventoryItem>
		</Category>

		<Category Name="Hardware Inventory">
			<InventoryItem Id="HI001" Name="Processors" Platform="All" Processed="False">
				<InventoryCommand>(Get-WMIObject Win32_Processor | select-object Caption, DeviceID, Manufacturer, MaxClockSpeed, Name, SocketDesignation, Status, L2CacheSize, L3CacheSize, NumberOfCores, NumberOfLogicalProcessors, ProcessorId, LastErrorCode)</InventoryCommand>
				<InventoryType>psExpression</InventoryType>
				<DataType>psObject</DataType>
				<InventoryValues Name="" Value="" PropertyDisplayOrder="Caption, DeviceID, Manufacturer, MaxClockSpeed, Name, SocketDesignation, Status, L2CacheSize, L3CacheSize, NumberOfCores, NumberOfLogicalProcessors, ProcessorId, LastErrorCode"></InventoryValues>
			</InventoryItem>
			<InventoryItem Id="HI002" Name="Memory" Platform="All" Processed="False">
				<InventoryCommand>(Get-WMIObject win32_physicalMemory | Select-Object BankLabel, Caption, DeviceLocator, @{N='Capacity';E={"$($_.Capacity/1gb) GB"}}, Speed, Manufacturer, PartNumber, SerialNumber,  TotalWidth, TypeDetail)</InventoryCommand>
				<InventoryType>psExpression</InventoryType>
				<DataType>psObject</DataType>
				<InventoryValues Name="" Value="" PropertyDisplayOrder="BankLabel, Caption, DeviceLocator, Capacity, Speed, Manufacturer, PartNumber, SerialNumber,  TotalWidth, TypeDetail"></InventoryValues>
			</InventoryItem>
			<InventoryItem Id="HI003" Name="Logical Disks" Platform="All" Processed="False">
				<InventoryCommand>(Get-WmiObject win32_LogicalDisk | Select-Object DeviceID, Caption, Compressed, Description, DriveType, FileSystem,  MediaType, @{N='Size';E={"$([math]::round($_.Size/1GB,2)) GB"}}, @{N='FreeSpace';E={"$([math]::round($_.FreeSpace/1GB,2)) GB"}}, VolumeName, VolumeSerialNumber)</InventoryCommand>
				<InventoryType>psExpression</InventoryType>
				<DataType>psObject</DataType>
				<InventoryValues Name="" Value="" PropertyDisplayOrder="DeviceID, Caption, Compressed, Description, DriveType, FileSystem,  MediaType, Size, FreeSpace, VolumeName, VolumeSerialNumber"></InventoryValues>
			</InventoryItem>
            <InventoryItem Id="HI004" Name="Disk Drives" Platform="All" Processed="False">
				<InventoryCommand>Get-WMIObject Win32_DiskDrive | select-object Status, Caption, Description, DeviceID, Partitions, BytesPerSector, Index, InterfaceType, SectorsPerTrack, Size, TotalCylinders, TotalHeads, TotalSectors, TotalTracks, TracksPerCylinder, @{N='CapabilityDescriptions';E={($_.CapabilityDescriptions -join ',')}}, FirmwareRevision, Manufacturer, MediaLoaded, MediaType, Model, PNPDeviceID, SerialNumber, Signature</InventoryCommand>
				<InventoryType>psExpression</InventoryType>
				<DataType>psObject</DataType>
				<InventoryValues Name="" Value="" PropertyDisplayOrder="Status, Caption, Description, DeviceID, Partitions, BytesPerSector, Index, InterfaceType, SectorsPerTrack, Size, TotalCylinders, TotalHeads, TotalSectors, TotalTracks, TracksPerCylinder, CapabilityDescriptions, FirmwareRevision, Manufacturer, MediaLoaded, MediaType, Model, PNPDeviceID, SerialNumber, Signature"></InventoryValues>
			</InventoryItem>
			<InventoryItem Id="HI005" Name="Network Adapter" Platform="All" Processed="False">
				<InventoryCommand>(Get-WMIObject Win32_NetworkAdapterConfiguration | Select-Object ServiceName, Index, Description, DHCPEnabled, IPEnabled, IPAddress, IPSubnet, DefaultIPGateway, MACAddress, DNSDomain, DNSServerSearchOrder)</InventoryCommand>
				<InventoryType>psExpression</InventoryType>
				<DataType>psObject</DataType>
				<InventoryValues Name="" Value="" PropertyDisplayOrder="ServiceName, Index, Description, DHCPEnabled, IPEnabled, IPAddress, IPSubnet, DefaultIPGateway, MACAddress, DNSDomain, DNSServerSearchOrder"></InventoryValues>
			</InventoryItem>
			<InventoryItem Id="HI006" Name="SCSI Controllers" Platform="All" Processed="False">
				<InventoryCommand>(Get-WMIObject Win32_SCSIController | Select-Object DriverName, Name, Manufacturer, Status, ProtocolSupported, DeviceID, DeviceMap, ConfigManagerErrorCode)</InventoryCommand>
				<InventoryType>psExpression</InventoryType>
				<DataType>psObject</DataType>
				<InventoryValues Name="" Value="" PropertyDisplayOrder="DriverName, Name, Manufacturer, Status, ProtocolSupported, DeviceID, DeviceMap, ConfigManagerErrorCode"></InventoryValues>
			</InventoryItem>
            <InventoryItem Id="HI007" Name="PnP Devices" Platform="All" Processed="False">
				<InventoryCommand>(Get-WMIObject Win32_pnpEntity | select-object Status, Caption, Manufacturer, DeviceID, PnPDeviceID, HardwareID, Service, LastErrorCode)</InventoryCommand>
				<InventoryType>psExpression</InventoryType>
				<DataType>psObject</DataType>
				<InventoryValues Name="" Value="" PropertyDisplayOrder="Status, Caption, Manufacturer, DeviceID, PnPDeviceID, HardwareID, Service, LastErrorCode"></InventoryValues>
			</InventoryItem>
		</Category>		
	</Section>

	<Section Name="Event Logs">
		<Category Name="System Log"> 
			<InventoryItem Id="SL001" Name="Errors(last week)" Platform="All" Processed="False">
				<InventoryCommand>(Get-WinEvent -FilterHashtable @{LogName='System';Level='2';StartTime=((get-date) - ([timespan]::FromDays(7)))} -ErrorAction SilentlyContinue | Select-Object ID,ProviderName,Message,TimeCreated,UserName)</InventoryCommand>
				<InventoryType>psExpression</InventoryType>
				<DataType>psObject</DataType>
				<InventoryValues Name="" Value="" PropertyDisplayOrder="ID,ProviderName,Message,TimeCreated,UserName"></InventoryValues>
			</InventoryItem>
			<InventoryItem Id="SL002" Name="Warnings(last week)" Platform="All" Processed="False">
				<InventoryCommand>(Get-WinEvent -FilterHashtable @{LogName='System';Level='3';StartTime=((get-date) - ([timespan]::FromDays(7)))} -ErrorAction SilentlyContinue | Select-Object ID,ProviderName,Message,TimeCreated,UserName)</InventoryCommand>
				<InventoryType>psExpression</InventoryType>
				<DataType>psObject</DataType>
				<InventoryValues Name="" Value="" PropertyDisplayOrder="ID,ProviderName,Message,TimeCreated,UserName"></InventoryValues>
			</InventoryItem>
		</Category>
		<Category Name="Application Log"> 
			<InventoryItem Id="AL001" Name="Errors (Last week)" Platform="All" Processed="False">
				<InventoryCommand>(Get-WinEvent -FilterHashtable @{LogName='Application';Level='2';StartTime=((get-date) - ([timespan]::FromDays(7)))} -ErrorAction SilentlyContinue | Select-Object ID,ProviderName,Message,TimeCreated,UserName)</InventoryCommand>
				<InventoryType>psExpression</InventoryType>
				<DataType>psObject</DataType>
				<InventoryValues Name="" Value="" PropertyDisplayOrder="ID,ProviderName,Message,TimeCreated,UserName"></InventoryValues>
			</InventoryItem>
			<InventoryItem Id="AL002" Name="Warnings (Last week)" Platform="All" Processed="False">
				<InventoryCommand>(Get-WinEvent -FilterHashtable @{LogName='Application';Level='3';StartTime=((get-date) - ([timespan]::FromDays(7)))} -ErrorAction SilentlyContinue | Select-Object ID,ProviderName,Message,TimeCreated,UserName)</InventoryCommand>
				<InventoryType>psExpression</InventoryType>
				<DataType>psObject</DataType>
				<InventoryValues Name="" Value="" PropertyDisplayOrder="ID,ProviderName,Message,TimeCreated,UserName"></InventoryValues>
			</InventoryItem>
		</Category>
	</Section>
</WCInventory>