<?xml version="1.0" ?>
<TI Version="1.0">
	<TIServerConfiguration> 
		<Config Name="TISERVERIP" ToolTip="Provide TI Server IPAddress where the results are to be uploaded"></Config>
		<Config Name="TIUPLOADPATH">/var/opt/soe/local/csc_ti/TI/external/stage/incoming</Config>
		<Config Name="TIUSERNAME" ToolTip="UserName to connect to TI"></Config>
		<Config Name="TIPASSWORD" ToolTip="Password to connect to TI"></Config>
		<Config Name="PPKFILE" ToolTip="PPK File to connect to TI, Password need not be provided if you are passing ppk file">Keys\</Config>
	</TIServerConfiguration> 
	<WCConfiguration>
		<Config Name="DELRESFILE" ToolTip="Delete result files after upload">Yes</Config>
		<Config Name="DELSUMMARYFILE" ToolTip="Delete Summary Files after upload">Yes</Config>
	</WCConfiguration>	
	<WCCategoryConfiguration>
		<Severity>
			<Config Name="Password Policy">RED</Config>
			<Config Name="Audit Policy">RED</Config>
			<Config Name="Event Log">RED</Config>
			<Config Name="Security Options ">RED</Config>
			<Config Name="Advanced Audit Policy ">RED</Config>
			<Config Name="TCPIP Stack">RED</Config>
			<Config Name="Windows Firewall ">RED</Config>
			<Config Name="Remote Desktop Services ">RED</Config>
			<Config Name="Internet Explorer">YELLOW</Config>
			<Config Name="Misc Configuration">RED</Config>
			<Config Name="CoRE Build Configuration">YELLOW</Config>
			<Config Name="CoRE Configuration Module">YELLOW</Config>
			<Config Name="FileSystem Permissions">YELLOW</Config>
			<Config Name="Windows Services">RED</Config>
			<Config Name="Vendor Tools">YELLOW</Config>
		</Severity>
	</WCCategoryConfiguration>
	<ServerConfiguration>
		<Config Name="ACCOUNTINFO">DXC</Config>
		<Config Name="REGION" ToolTip="EMEA | AUST | NA"></Config>
		<Config Name="LINE OF BUSINESS" ToolTip="PAYROLL"></Config>
		<Config Name="SERVER FUNCTION" ToolTip="Function of the Server .ie Oracle Database Server"></Config>
		<Config Name="FUNCTION TYPE" ToolTip="DEVELOPMENT"></Config>
		<Config Name="SERVER TYPE" ToolTip="Server|Workstation"></Config>
		<Config Name="SERVER CLASSIFICATION" ToolTip="1|2|3"></Config>
		<Config Name="NO OF ENVIRONMENTS" ToolTip="Number of Environments"></Config>
		<Config Name="COUNTRY" ToolTip="Country"></Config>
		<Config Name="LOCATION" ToolTip="Site"></Config>
		<Config Name="DEPARTMENT" ToolTip="Department i.e Building No"></Config>
		<Config Name="DATACENTRE" ToolTip="DXC Datacentre|Customer DataCentre|Computer Room|None"></Config>
		<Config Name="SUPPORTED FROM" ToolTip="DXC Support Location"></Config>
		<Config Name="TECHNICAL CONTACT" ToolTip="Supported By Name Group i.e Platform x86 CoRE"></Config>
		<Config Name="HELPDESK RESOLVER GRP" ToolTip="Helpdesk Resolver group"></Config>
		<Config Name="RAID DISKS" ToolTip="Y/N"></Config>
		<Config Name="SAN ATTACHED DISKS" ToolTip="Y/N"></Config>
		<Config Name="REMOTE CONSOLE IPADDR" ToolTip="Specify the IP address of the remote console"></Config>
		<Config Name="REMOTE CONSOLE PORT" ToolTip="Specify port of remote console if applicable"></Config>
		<Config Name="VIRTUAL SERVER" ToolTip="Y/N"></Config>
		<Config Name="HOST VIRT SVR RES" ToolTip="[ Specify the IP address of the Server on which Virtual Server Resides"></Config>
		<Config Name="SERIAL NO"></Config>
		<Config Name="CSC ASSET NO" ToolTip="Asset No"></Config>
		<Config Name="NETWORK TYPE" ToolTip="[Restricted | Commercial | Above Restricted]"></Config>
		<Config Name="HOSTID"></Config>
		<Config Name="MACHINE ID"></Config>
		<Config Name="IPADDRESS" ToolTip="By default this field is populated with the ip of NIC if the NIC is ipenabled,in case of no ips 0.0.0.0 is assigned"></Config>
		<Config Name="DOMAININFO" ToolTip="By default this field is populated with the domain/workgroup name of the server"></Config>
	</ServerConfiguration>
	<CaperConfiguration>
		<Config Name="CAPER" />
		<Config Name="PATCH TRACKER TOOL" />
		<Config Name="AUTOCONFIG VERSION" />
	</CaperConfiguration>
	<PolicyConfigration>
		<Config Name="POLICYNAME">DXC Windows Server Compliance</Config>
		<Config Name="POLICYVERSION">3.0</Config>
		<Config Name="POLICYCHECKSUM">00ffff</Config>
		<Config Name="POLICYID">wh000</Config>
	</PolicyConfigration>
	<AuditConfiguration>
		<Config Name="HARDENVERSION">2.1-0</Config>
		<Config Name="HARDENREVISION">145</Config>
	</AuditConfiguration>
</TI>