<?xml version="1.0"?>
<!-- This XML file stores information about different SOEs (Windows, Citrix, DS etc.) and their corresponding
     baseline files to be used with CoRECM reporting and remediation auto-detection purposes.
     This file also store info about how detection will be performed

-->
<SVT>
  <CoREVersions>
    <CoRE Type="WSCoRE" Version="W2K16 1.0.0" Title="CoRE for Windows Server 2016 v1.0.0" BaselineFile="CoREW2K16v100.xml" />
	<CoRE Type="WSCoRE" Version="W2K12R2 1.0.0" Title="CoRE for Windows Server 2012 R2 v1.0.0" BaselineFile="CoREW2K12R2v100.xml" />
    <CoRE Type="WSCoRE" Version="W2K16 1.0.1" Title="CoRE for Windows Server 2016 v1.0.1" BaselineFile="CoREW2K16v101.xml" />
	<CoRE Type="WSCoRE" Version="W2K16 1.0.2" Title="CoRE for Windows Server 2016 v1.0.2" BaselineFile="CoREW2K16v102.xml" />
	<CoRE Type="WSCoRE" Version="W2K16 1.0.3" Title="CoRE for Windows Server 2016 v1.0.3" BaselineFile="CoREW2K16v103.xml" />
	<CoRE Type="WSCoRE" Version="W2K16 1.0.4" Title="CoRE for Windows Server 2016 v1.0.4" BaselineFile="CoREW2K16v104.xml" />
	<CoRE Type="WSCoRE" Version="W2K12R2 1.0.1" Title="CoRE for Windows Server 2012 R2 v1.0.1" BaselineFile="CoREW2K12R2v101.xml" />
	<CoRE Type="WSCoRE" Version="W2K12R2 1.0.2" Title="CoRE for Windows Server 2012 R2 v1.0.2" BaselineFile="CoREW2K12R2v102.xml" />
	<CoRE Type="WSCoRE" Version="W2K12R2 1.0.3" Title="CoRE for Windows Server 2012 R2 v1.0.3" BaselineFile="CoREW2K12R2v103.xml" />
	<CoRE Type="WSCoRE" Version="W2K19 1.0.0" Title="CoRE for Windows Server 2019 v1.0.0" BaselineFile="CoREW2K19v100.xml" />
	<CoRE Type="WSCoRE" Version="W2K19 1.0.1" Title="CoRE for Windows Server 2019 v1.0.1" BaselineFile="CoREW2K19v101.xml" />
	<CoRE Type="WSCoRE" Version="W2K19 1.0.2" Title="CoRE for Windows Server 2019 v1.0.2" BaselineFile="CoREW2K19v102.xml" />
	<CoRE Type="WSCoRE" Version="W2K19 1.0.3" Title="CoRE for Windows Server 2019 v1.0.3" BaselineFile="CoREW2K19v103.xml" />
	<CoRE Type="WSCoRE" Version="W2K22 1.0.0" Title="CoRE for Windows Server 2022 v1.0.0" BaselineFile="CoREW2K22v100.xml" />
	
  </CoREVersions>
  <!-- information related to how SOE version is detected. Validate and update DSSOE/PVVDISOE -->
  <CoREDetection>
    <WSCoRE RegistryPath="HKLM:\Software\DXC\CoRE" KeyName="GlobalVersion" />
    <DSCoRE RegistryPath="HKLM:\Software\DXC\DSSOE" KeyName="GlobalVersion" />
    <PVVDICoRE RegistryPath="HKLM:\Software\DXC\PVVDIDSSOE" KeyName="GlobalVersion" />
  </CoREDetection>
</SVT>