﻿<?xml version="1.0"?>
<!-- CoRECM Reporting GUI configuration file -->
<!-- Do not modify this file unless you know node details and do's/dont's -->
<CoRECM Version="1.6.0">
    <Reporting>
        <!-- List of available columns to display in CoRECM report
             warning: do not remove/change/add anything in AvailableColumns list. It could result in
             unexpected behavior in reporting GUI 
        -->
        <AvailableColumns>
            <Column>ReadOnly</Column>
            <Column>Section</Column>
            <Column>Category</Column>
            <Column>Platform</Column>
            <Column>Purpose</Column>
            <Column>PolicyId</Column>
            <Column>Risk</Column>
            <Column>Rank</Column>
            <Column>PolicyName</Column>
            <Column>DefaultValue</Column>
            <Column>CurrentValue</Column>
            <column>CISValue</column> <!-- added 7-jul-2017 to support display of CIS recommendation -->
            <Column>Result</Column>
        </AvailableColumns>

        <!-- List of columns that will be by-default displayed in CoRECM GUI report.
             You can re-order the list or add/remove columns. Ensure that columns here in this list
             matches with columns in 'AvailableColumns' node above
        -->
        <DefaultColumns>
            <Column>PolicyId</Column>
            <!-- <Column>Risk</Column>
            <Column>Rank</Column> -->
            <Column>PolicyName</Column>
            <Column>DefaultValue</Column>
            <Column>CurrentValue</Column>
            <Column>Result</Column>
        </DefaultColumns>


        <ReportSummary SummaryItemHeader="SummaryItem" SummaryValueHeader="ItemValue" />
	
    <!-- header to display when Remediation report is displayed -->
    <RemediationReportComplianceHeader>This is CoRECM remediation report generated after performing remediation on this server. Some report sections may not be available.</RemediationReportComplianceHeader>

	
        
    </Reporting>
</CoRECM>